class,train_count,test_count,train_frac,test_frac
scenario_offBody,2017,602,0.5526027397260274,0.5512820512820513
scenario_onBody,1633,490,0.4473972602739726,0.44871794871794873
