class,train_count,test_count,train_frac,test_frac
scenario_offBody,2095,524,0.5523332454521487,0.5521601685985248
scenario_onBody,1698,425,0.4476667545478513,0.44783983140147526
